timeStamp,elapsed,label,responseCode,responseMessage,threadName,dataType,success,failureMessage,bytes,sentBytes,grpThreads,allThreads,URL,Latency,IdleTime,Connect
1728914954694,584,Homepage Test,200,OK,Thread Group 1-2,text,true,,48542,192,6,6,https://automationexercise.com/products,470,0,173
1728914954484,929,Homepage Test,200,OK,Thread Group 1-1,text,true,,48548,192,7,7,https://automationexercise.com/products,923,0,260
1728914954898,682,Homepage Test,200,OK,Thread Group 1-3,text,true,,48552,192,8,8,https://automationexercise.com/products,581,0,268
1728914955101,547,Homepage Test,200,OK,Thread Group 1-4,text,true,,48540,192,8,8,https://automationexercise.com/products,540,0,254
1728914955578,316,Homepage Test,200,OK,Thread Group 1-2,text,true,,48550,192,9,9,https://automationexercise.com/products,259,0,0
1728914955713,304,Homepage Test,200,OK,Thread Group 1-1,text,true,,48546,192,10,10,https://automationexercise.com/products,249,0,0
1728914955880,431,Homepage Test,200,OK,Thread Group 1-3,text,true,,48540,192,11,11,https://automationexercise.com/products,369,0,0
1728914955948,426,Homepage Test,200,OK,Thread Group 1-4,text,true,,48540,192,11,11,https://automationexercise.com/products,364,0,0
1728914955304,1132,Homepage Test,200,OK,Thread Group 1-5,text,true,,48552,192,12,12,https://automationexercise.com/products,1126,0,345
1728914955484,1303,Homepage Test,200,OK,Thread Group 1-6,text,true,,48542,192,14,14,https://automationexercise.com/products,1025,0,284
1728914955678,1116,Homepage Test,200,OK,Thread Group 1-7,text,true,,48544,192,14,14,https://automationexercise.com/products,1109,0,222
1728914956195,713,Homepage Test,200,OK,Thread Group 1-2,text,true,,48546,192,14,14,https://automationexercise.com/products,647,0,0
1728914956318,609,Homepage Test,200,OK,Thread Group 1-1,text,true,,48544,192,14,14,https://automationexercise.com/products,590,0,0
1728914955876,1162,Homepage Test,200,OK,Thread Group 1-8,text,true,,48546,192,15,15,https://automationexercise.com/products,1051,0,185
1728914956612,593,Homepage Test,200,OK,Thread Group 1-3,text,true,,48542,192,16,16,https://automationexercise.com/products,480,0,0
1728914956676,589,Homepage Test,200,OK,Thread Group 1-4,text,true,,48546,192,16,16,https://automationexercise.com/products,529,0,0
1728914956736,535,Homepage Test,200,OK,Thread Group 1-5,text,true,,48550,192,16,16,https://automationexercise.com/products,477,0,0
1728914957088,361,Homepage Test,200,OK,Thread Group 1-6,text,true,,48554,192,17,17,https://automationexercise.com/products,248,0,0
1728914957094,363,Homepage Test,200,OK,Thread Group 1-7,text,true,,48550,192,17,17,https://automationexercise.com/products,355,0,0
1728914957209,417,Homepage Test,200,OK,Thread Group 1-2,text,true,,48544,192,18,18,https://automationexercise.com/products,352,0,0
1728914956078,1601,Homepage Test,200,OK,Thread Group 1-9,text,true,,48546,192,18,18,https://automationexercise.com/products,1548,0,711
1728914957229,460,Homepage Test,200,OK,Thread Group 1-1,text,true,,48548,192,18,18,https://automationexercise.com/products,450,0,0
1728914957339,400,Homepage Test,200,OK,Thread Group 1-8,text,true,,48540,192,18,18,https://automationexercise.com/products,350,0,0
1728914956484,1517,Homepage Test,200,OK,Thread Group 1-11,text,true,,48560,192,20,20,https://automationexercise.com/products,1324,0,613
1728914956277,1724,Homepage Test,200,OK,Thread Group 1-10,text,true,,48552,192,20,20,https://automationexercise.com/products,1529,0,820
1728914957507,542,Homepage Test,200,OK,Thread Group 1-3,text,true,,48550,192,20,20,https://automationexercise.com/products,494,0,0
1728914957566,489,Homepage Test,200,OK,Thread Group 1-4,text,true,,48544,192,20,20,https://automationexercise.com/products,483,0,0
1728914957573,539,Homepage Test,200,OK,Thread Group 1-5,text,true,,48542,192,20,20,https://automationexercise.com/products,482,0,0
1728914956676,1487,Homepage Test,200,OK,Thread Group 1-12,text,true,,48546,192,20,20,https://automationexercise.com/products,1436,0,599
1728914957750,423,Homepage Test,200,OK,Thread Group 1-6,text,true,,48548,192,20,20,https://automationexercise.com/products,413,0,0
1728914957757,532,Homepage Test,200,OK,Thread Group 1-7,text,true,,48542,192,21,21,https://automationexercise.com/products,416,0,0
1728914957076,1339,Homepage Test,200,OK,Thread Group 1-14,text,true,,48546,192,22,22,https://automationexercise.com/products,1214,0,386
1728914956877,1702,Homepage Test,200,OK,Thread Group 1-13,text,true,,48548,192,23,23,https://automationexercise.com/products,1538,0,585
1728914957927,717,Homepage Test,200,OK,Thread Group 1-2,text,true,,48552,192,23,23,https://automationexercise.com/products,652,0,0
1728914957980,726,Homepage Test,200,OK,Thread Group 1-9,text,true,,48552,192,22,22,https://automationexercise.com/products,602,0,0
1728914957990,834,Homepage Test,200,OK,Thread Group 1-1,text,true,,48558,192,23,23,https://automationexercise.com/products,716,0,0
1728914957678,1209,Homepage Test,200,OK,Thread Group 1-17,text,true,,48548,192,22,22,https://automationexercise.com/products,1091,0,373
1728914958041,911,Homepage Test,200,OK,Thread Group 1-8,text,true,,48546,192,22,22,https://automationexercise.com/products,847,0,0
1728914957277,1910,Homepage Test,200,OK,Thread Group 1-15,text,true,,48548,192,24,24,https://automationexercise.com/products,1680,0,413
1728914957488,1699,Homepage Test,200,OK,Thread Group 1-16,text,true,,48556,192,24,24,https://automationexercise.com/products,1461,0,557
1728914958302,898,Homepage Test,200,OK,Thread Group 1-11,text,true,,48550,192,24,24,https://automationexercise.com/products,885,0,0
1728914958357,1012,Homepage Test,200,OK,Thread Group 1-4,text,true,,48544,192,24,24,https://automationexercise.com/products,890,0,0
1728914958351,1024,Homepage Test,200,OK,Thread Group 1-3,text,true,,48544,192,23,23,https://automationexercise.com/products,912,0,0
1728914958302,1073,Homepage Test,200,OK,Thread Group 1-10,text,true,,48546,192,23,23,https://automationexercise.com/products,943,0,0
1728914958413,1207,Homepage Test,200,OK,Thread Group 1-5,text,true,,48542,192,24,24,https://automationexercise.com/products,964,0,0
1728914958474,1559,Homepage Test,200,OK,Thread Group 1-6,text,true,,48544,192,26,26,https://automationexercise.com/products,1381,0,0
1728914958464,1576,Homepage Test,200,OK,Thread Group 1-12,text,true,,48544,192,26,26,https://automationexercise.com/products,1157,0,0
1728914958591,1498,Homepage Test,200,OK,Thread Group 1-7,text,true,,48544,192,26,26,https://automationexercise.com/products,1449,0,0
1728914958716,1426,Homepage Test,200,OK,Thread Group 1-14,text,true,,48554,192,26,26,https://automationexercise.com/products,1373,0,0
1728914958881,1271,Homepage Test,200,OK,Thread Group 1-13,text,true,,48544,192,26,26,https://automationexercise.com/products,1268,0,0
1728914959007,1193,Homepage Test,200,OK,Thread Group 1-9,text,true,,48544,192,27,27,https://automationexercise.com/products,1149,0,0
1728914959191,1135,Homepage Test,200,OK,Thread Group 1-17,text,true,,48544,192,27,27,https://automationexercise.com/products,1011,0,0
1728914957878,2465,Homepage Test,200,OK,Thread Group 1-18,text,true,,48556,192,27,27,https://automationexercise.com/products,2449,0,1312
1728914959253,1137,Homepage Test,200,OK,Thread Group 1-8,text,true,,48548,192,28,28,https://automationexercise.com/products,1091,0,0
1728914959488,963,Homepage Test,200,OK,Thread Group 1-16,text,true,,48550,192,28,28,https://automationexercise.com/products,903,0,0
1728914959488,1017,Homepage Test,200,OK,Thread Group 1-15,text,true,,48544,192,28,28,https://automationexercise.com/products,968,0,0
1728914959503,1015,Homepage Test,200,OK,Thread Group 1-11,text,true,,48546,192,28,28,https://automationexercise.com/products,1004,0,0
1728914958076,2552,Homepage Test,200,OK,Thread Group 1-19,text,true,,48552,192,29,29,https://automationexercise.com/products,2444,0,1174
1728914959676,1089,Homepage Test,200,OK,Thread Group 1-10,text,true,,48546,192,29,29,https://automationexercise.com/products,953,0,0
1728914959922,900,Homepage Test,200,OK,Thread Group 1-5,text,true,,48550,192,30,30,https://automationexercise.com/products,843,0,0
1728914958277,2770,Homepage Test,200,OK,Thread Group 1-20,text,true,,48550,192,30,30,https://automationexercise.com/products,2652,0,1883
1728914960334,791,Homepage Test,200,OK,Thread Group 1-6,text,true,,48552,192,30,30,https://automationexercise.com/products,722,0,0
1728914960343,877,Homepage Test,200,OK,Thread Group 1-12,text,true,,48548,192,30,30,https://automationexercise.com/products,833,0,0
1728914960391,957,Homepage Test,200,OK,Thread Group 1-7,text,true,,48542,192,30,30,https://automationexercise.com/products,832,0,0
1728914960444,907,Homepage Test,200,OK,Thread Group 1-14,text,true,,48546,192,29,29,https://automationexercise.com/products,776,0,0
1728914960454,1219,Homepage Test,200,OK,Thread Group 1-13,text,true,,48548,192,31,31,https://automationexercise.com/products,1185,0,0
1728914960504,1214,Homepage Test,200,OK,Thread Group 1-9,text,true,,48548,192,31,31,https://automationexercise.com/products,1169,0,0
1728914958486,3332,Homepage Test,200,OK,Thread Group 1-21,text,true,,48542,192,32,32,https://automationexercise.com/products,3234,0,1721
1728914960629,1440,Homepage Test,200,OK,Thread Group 1-17,text,true,,48552,192,33,33,https://automationexercise.com/products,1252,0,0
1728914958679,3458,Homepage Test,200,OK,Thread Group 1-22,text,true,,48544,192,33,33,https://automationexercise.com/products,3390,0,1833
1728914960646,1597,Homepage Test,200,OK,Thread Group 1-18,text,true,,48544,192,34,34,https://automationexercise.com/products,1492,0,0
1728914961521,1263,Homepage Test,200,OK,Thread Group 1-12,text,true,,48550,192,37,37,https://automationexercise.com/products,1204,0,0
1728914961974,941,Homepage Test,200,OK,Thread Group 1-13,text,true,,48544,192,37,37,https://automationexercise.com/products,881,0,0
1728914962020,1009,Homepage Test,200,OK,Thread Group 1-9,text,true,,48548,192,38,38,https://automationexercise.com/products,895,0,0
1728914959878,3155,Homepage Test,200,OK,Thread Group 1-28,text,true,,48550,192,37,37,https://automationexercise.com/products,3150,0,1795
1728914962370,952,Homepage Test,200,OK,Thread Group 1-17,text,true,,48548,192,38,38,https://automationexercise.com/products,836,0,0
1728914962438,1077,Homepage Test,200,OK,Thread Group 1-22,text,true,,48544,192,39,39,https://automationexercise.com/products,846,0,0
1728914959488,4084,Homepage Test,200,OK,Thread Group 1-26,text,true,,48540,192,39,39,https://automationexercise.com/products,4026,0,1561
1728914962543,1317,Homepage Test,200,OK,Thread Group 1-18,text,true,,48546,192,41,41,https://automationexercise.com/products,1031,0,0
1728914960820,3040,Homepage Test,200,OK,Thread Group 1-11,text,true,,48546,192,41,41,https://automationexercise.com/products,2035,0,0
1728914961652,2208,Homepage Test,200,OK,Thread Group 1-14,text,true,,48548,192,41,41,https://automationexercise.com/products,2208,0,0
1728914958877,5119,Homepage Test,200,OK,Thread Group 1-23,text,true,,48544,192,42,42,https://automationexercise.com/products,4983,0,1754
1728914959677,4428,Homepage Test,200,OK,Thread Group 1-27,text,true,,48544,192,42,42,https://automationexercise.com/products,3169,0,1996
1728914960878,3289,Homepage Test,200,OK,Thread Group 1-33,text,true,,48546,192,42,42,https://automationexercise.com/products,3184,0,1974
1728914963085,1195,Homepage Test,200,OK,Thread Group 1-12,text,true,,48544,192,42,42,https://automationexercise.com/products,1090,0,0
1728914963224,1250,Homepage Test,200,OK,Thread Group 1-13,text,true,,48552,192,41,41,https://automationexercise.com/products,1056,0,0
1728914961278,3613,Homepage Test,200,OK,Thread Group 1-35,text,true,,48544,192,40,40,https://automationexercise.com/products,3495,0,2239
1728914961678,3385,Homepage Test,200,OK,Thread Group 1-37,text,true,,48548,192,40,40,https://automationexercise.com/products,3213,0,1898
1728914963623,1687,Homepage Test,200,OK,Thread Group 1-17,text,true,,48542,192,40,40,https://automationexercise.com/products,1440,0,0
1728914963816,1681,Homepage Test,200,OK,Thread Group 1-22,text,true,,48548,192,39,39,https://automationexercise.com/products,1494,0,0
1728914961878,3621,Homepage Test,200,OK,Thread Group 1-38,text,true,,48548,192,39,39,https://automationexercise.com/products,3432,0,1984
1728914960489,5301,Homepage Test,200,OK,Thread Group 1-31,text,true,,48540,192,39,39,https://automationexercise.com/products,2551,0,1585
1728914962878,3337,Homepage Test,200,OK,Thread Group 1-43,text,true,,48544,192,39,39,https://automationexercise.com/products,3330,0,2186
1728914965204,1072,Homepage Test,200,OK,Thread Group 1-35,text,true,,48548,192,39,39,https://automationexercise.com/products,1010,0,0
1728914965362,1026,Homepage Test,200,OK,Thread Group 1-37,text,true,,48552,192,39,39,https://automationexercise.com/products,916,0,0
1728914959277,7179,Homepage Test,200,OK,Thread Group 1-25,text,true,,48544,192,39,39,https://automationexercise.com/products,4237,0,1620
1728914964167,2291,Homepage Test,200,OK,Thread Group 1-14,text,true,,48544,192,39,39,https://automationexercise.com/products,1624,0,0
1728914960807,5655,Homepage Test,200,OK,Thread Group 1-15,text,true,,48542,192,38,38,https://automationexercise.com/products,1691,0,0
1728914965803,1006,Homepage Test,200,OK,Thread Group 1-22,text,true,,48548,192,38,38,https://automationexercise.com/products,896,0,0
1728914963488,3381,Homepage Test,200,OK,Thread Group 1-46,text,true,,48540,192,38,38,https://automationexercise.com/products,3213,0,2303
1728914962678,4598,Homepage Test,200,OK,Thread Group 1-42,text,true,,48542,192,38,38,https://automationexercise.com/products,4481,0,1803
1728914961079,6208,Homepage Test,200,OK,Thread Group 1-34,text,true,,48548,192,38,38,https://automationexercise.com/products,3089,0,1777
1728914963679,3640,Homepage Test,200,OK,Thread Group 1-47,text,true,,48548,192,38,38,https://automationexercise.com/products,3597,0,2364
1728914966102,1340,Homepage Test,200,OK,Thread Group 1-31,text,true,,48546,192,38,38,https://automationexercise.com/products,1260,0,0
1728914963880,3675,Homepage Test,200,OK,Thread Group 1-48,text,true,,48556,192,38,38,https://automationexercise.com/products,3563,0,2163
1728914966526,1394,Homepage Test,200,OK,Thread Group 1-43,text,true,,48548,192,38,38,https://automationexercise.com/products,1084,0,0
1728914966762,1502,Homepage Test,200,OK,Thread Group 1-15,text,true,,48544,192,38,38,https://automationexercise.com/products,1389,0,0
1728914966762,1508,Homepage Test,200,OK,Thread Group 1-25,text,true,,48542,192,38,38,https://automationexercise.com/products,1316,0,0
1728914963279,5100,Homepage Test,200,OK,Thread Group 1-45,text,true,,48556,192,38,38,https://automationexercise.com/products,4992,0,2512
1728914967124,1374,Homepage Test,200,OK,Thread Group 1-22,text,true,,48544,192,38,38,https://automationexercise.com/products,1254,0,0
1728914960692,7987,Homepage Test,200,OK,Thread Group 1-8,text,true,,48546,192,37,37,https://automationexercise.com/products,5096,0,0
1728914967171,1760,Homepage Test,200,OK,Thread Group 1-46,text,true,,48548,192,36,36,https://automationexercise.com/products,1515,0,0
1728914967754,1525,Homepage Test,200,OK,Thread Group 1-31,text,true,,48546,192,36,36,https://automationexercise.com/products,1249,0,0
1728914963079,6204,Homepage Test,200,OK,Thread Group 1-44,text,true,,48550,192,36,36,https://automationexercise.com/products,3790,0,2712
1728914962120,7163,Homepage Test,200,OK,Thread Group 1-21,text,true,,48544,192,36,36,https://automationexercise.com/products,920,0,0
1728914968226,1116,Homepage Test,200,OK,Thread Group 1-43,text,true,,48560,192,36,36,https://automationexercise.com/products,1108,0,0
1728914968571,955,Homepage Test,200,OK,Thread Group 1-15,text,true,,48558,192,36,36,https://automationexercise.com/products,779,0,0
1728914968571,1030,Homepage Test,200,OK,Thread Group 1-25,text,true,,48544,192,35,35,https://automationexercise.com/products,820,0,0
1728914963875,5727,Homepage Test,200,OK,Thread Group 1-26,text,true,,48548,192,35,35,https://automationexercise.com/products,2994,0,0
1728914968681,960,Homepage Test,200,OK,Thread Group 1-45,text,true,,48544,192,35,35,https://automationexercise.com/products,920,0,0
1728914964167,5530,Homepage Test,200,OK,Thread Group 1-18,text,true,,48550,192,35,35,https://automationexercise.com/products,2524,0,0
1728914960754,8943,Homepage Test,200,OK,Thread Group 1-16,text,true,,48548,192,35,35,https://automationexercise.com/products,1569,0,0
1728914962494,7271,Homepage Test,200,OK,Thread Group 1-41,text,true,,48548,192,35,35,https://automationexercise.com/products,7265,0,6438
1728914964293,5708,Homepage Test,200,OK,Thread Group 1-50,text,true,,48550,192,35,35,https://automationexercise.com/products,5057,0,2867
1728914964167,5891,Homepage Test,200,OK,Thread Group 1-11,text,true,,48548,192,35,35,https://automationexercise.com/products,1684,0,0
1728914962278,7844,Homepage Test,200,OK,Thread Group 1-40,text,true,,48544,192,34,34,https://automationexercise.com/products,7780,0,7008
1728914969246,876,Homepage Test,200,OK,Thread Group 1-46,text,true,,48554,192,34,34,https://automationexercise.com/products,812,0,0
1728914961349,8774,Homepage Test,200,OK,Thread Group 1-20,text,true,,48550,192,34,34,https://automationexercise.com/products,4439,0,0
1728914967581,2594,Homepage Test,200,OK,Thread Group 1-42,text,true,,48546,192,34,34,https://automationexercise.com/products,1405,0,0
1728914961492,8737,Homepage Test,200,OK,Thread Group 1-36,text,true,,48548,192,34,34,https://automationexercise.com/products,8684,0,7852
1728914963335,6902,Homepage Test,200,OK,Thread Group 1-28,text,true,,48546,192,34,34,https://automationexercise.com/products,1141,0,0
1728914964089,6149,Homepage Test,200,OK,Thread Group 1-49,text,true,,48552,192,34,34,https://automationexercise.com/products,5192,0,2615
1728914969592,709,Homepage Test,200,OK,Thread Group 1-31,text,true,,48544,192,34,34,https://automationexercise.com/products,637,0,0
1728914969592,717,Homepage Test,200,OK,Thread Group 1-44,text,true,,48542,192,34,34,https://automationexercise.com/products,636,0,0
1728914966699,3611,Homepage Test,200,OK,Thread Group 1-37,text,true,,48546,192,34,34,https://automationexercise.com/products,2590,0,0
1728914969654,697,Homepage Test,200,OK,Thread Group 1-43,text,true,,48544,192,34,34,https://automationexercise.com/products,582,0,0
1728914969907,518,Homepage Test,200,OK,Thread Group 1-25,text,true,,48550,192,34,34,https://automationexercise.com/products,452,0,0
1728914969953,472,Homepage Test,200,OK,Thread Group 1-45,text,true,,48550,192,34,34,https://automationexercise.com/products,406,0,0
1728914960279,10148,Homepage Test,200,OK,Thread Group 1-30,text,true,,48544,192,34,34,https://automationexercise.com/products,5755,0,4262
1728914970001,542,Homepage Test,200,OK,Thread Group 1-16,text,true,,48558,192,34,34,https://automationexercise.com/products,425,0,0
1728914969592,1020,Homepage Test,200,OK,Thread Group 1-21,text,true,,48546,192,34,34,https://automationexercise.com/products,952,0,0
1728914970079,581,Homepage Test,200,OK,Thread Group 1-41,text,true,,48548,192,34,34,https://automationexercise.com/products,469,0,0
1728914961067,9594,Homepage Test,200,OK,Thread Group 1-10,text,true,,48554,192,34,34,https://automationexercise.com/products,1563,0,0
1728914960678,9987,Homepage Test,200,OK,Thread Group 1-32,text,true,,48550,192,34,34,https://automationexercise.com/products,3491,0,2174
1728914964419,6298,Homepage Test,200,OK,Thread Group 1-27,text,true,,48546,192,34,34,https://automationexercise.com/products,1609,0,0
1728914960930,9799,Homepage Test,200,OK,Thread Group 1-19,text,true,,48554,192,34,34,https://automationexercise.com/products,8965,0,0
1728914970301,537,Homepage Test,200,OK,Thread Group 1-50,text,true,,48552,192,34,34,https://automationexercise.com/products,486,0,0
1728914970001,847,Homepage Test,200,OK,Thread Group 1-18,text,true,,48542,192,34,34,https://automationexercise.com/products,838,0,0
1728914970422,491,Homepage Test,200,OK,Thread Group 1-40,text,true,,48544,192,33,33,https://automationexercise.com/products,426,0,0
1728914970424,590,Homepage Test,200,OK,Thread Group 1-46,text,true,,48548,192,33,33,https://automationexercise.com/products,440,0,0
1728914960079,11070,Homepage Test,200,OK,Thread Group 1-29,text,true,,48544,192,33,33,https://automationexercise.com/products,2955,0,1995
1728914970534,785,Homepage Test,200,OK,Thread Group 1-36,text,true,,48544,192,33,33,https://automationexercise.com/products,615,0,0
1728914970488,886,Homepage Test,200,OK,Thread Group 1-42,text,true,,48554,192,33,33,https://automationexercise.com/products,526,0,0
1728914964482,6893,Homepage Test,200,OK,Thread Group 1-33,text,true,,48546,192,33,33,https://automationexercise.com/products,5643,0,0
1728914962078,9424,Homepage Test,200,OK,Thread Group 1-39,text,true,,48550,192,33,33,https://automationexercise.com/products,4317,0,1784
1728914970550,963,Homepage Test,200,OK,Thread Group 1-49,text,true,,48546,192,33,33,https://automationexercise.com/products,826,0,0
1728914970550,964,Homepage Test,200,OK,Thread Group 1-28,text,true,,48552,192,33,33,https://automationexercise.com/products,951,0,0
1728914970613,965,Homepage Test,200,OK,Thread Group 1-31,text,true,,48544,192,33,33,https://automationexercise.com/products,944,0,0
1728914970613,1182,Homepage Test,200,OK,Thread Group 1-44,text,true,,48544,192,32,32,https://automationexercise.com/products,1060,0,0
1728914970613,1182,Homepage Test,200,OK,Thread Group 1-37,text,true,,48542,192,32,32,https://automationexercise.com/products,965,0,0
1728914970660,1137,Homepage Test,200,OK,Thread Group 1-43,text,true,,48546,192,32,32,https://automationexercise.com/products,1015,0,0
1728914970739,1126,Homepage Test,200,OK,Thread Group 1-45,text,true,,48546,192,31,31,https://automationexercise.com/products,1058,0,0
1728914970739,1126,Homepage Test,200,OK,Thread Group 1-30,text,true,,48554,192,31,31,https://automationexercise.com/products,1060,0,0
1728914970739,1187,Homepage Test,200,OK,Thread Group 1-25,text,true,,48552,192,31,31,https://automationexercise.com/products,1128,0,0
1728914970849,1141,Homepage Test,200,OK,Thread Group 1-16,text,true,,48546,192,30,30,https://automationexercise.com/products,1077,0,0
1728914970912,1136,Homepage Test,200,OK,Thread Group 1-21,text,true,,48540,192,29,29,https://automationexercise.com/products,1078,0,0
1728914970975,1245,Homepage Test,200,OK,Thread Group 1-32,text,true,,48544,192,29,29,https://automationexercise.com/products,1131,0,0
1728914970975,1306,Homepage Test,200,OK,Thread Group 1-41,text,true,,48552,192,29,29,https://automationexercise.com/products,1077,0,0
1728914971038,1250,Homepage Test,200,OK,Thread Group 1-19,text,true,,48548,192,29,29,https://automationexercise.com/products,1231,0,0
1728914971022,1320,Homepage Test,200,OK,Thread Group 1-27,text,true,,48550,192,29,29,https://automationexercise.com/products,1249,0,0
1728914970975,1367,Homepage Test,200,OK,Thread Group 1-10,text,true,,48544,192,29,29,https://automationexercise.com/products,1306,0,0
1728914971147,1252,Homepage Test,200,OK,Thread Group 1-50,text,true,,48544,192,28,28,https://automationexercise.com/products,1201,0,0
1728914964308,8099,Homepage Test,200,OK,Thread Group 1-23,text,true,,48544,192,28,28,https://automationexercise.com/products,3963,0,0
1728914971321,1143,Homepage Test,200,OK,Thread Group 1-46,text,true,,48550,192,28,28,https://automationexercise.com/products,1085,0,0
1728914971226,1253,Homepage Test,200,OK,Thread Group 1-40,text,true,,48548,192,27,27,https://automationexercise.com/products,1229,0,0
1728914971462,1065,Homepage Test,200,OK,Thread Group 1-29,text,true,,48558,192,27,27,https://automationexercise.com/products,1018,0,0
1728914971621,964,Homepage Test,200,OK,Thread Group 1-36,text,true,,48548,192,27,27,https://automationexercise.com/products,958,0,0
1728914971684,966,Homepage Test,200,OK,Thread Group 1-42,text,true,,48544,192,27,27,https://automationexercise.com/products,903,0,0
1728914971684,966,Homepage Test,200,OK,Thread Group 1-33,text,true,,48546,192,27,27,https://automationexercise.com/products,903,0,0
1728914971809,947,Homepage Test,200,OK,Thread Group 1-39,text,true,,48546,192,27,27,https://automationexercise.com/products,883,0,0
1728914971825,934,Homepage Test,200,OK,Thread Group 1-28,text,true,,48540,192,27,27,https://automationexercise.com/products,869,0,0
1728914971825,938,Homepage Test,200,OK,Thread Group 1-49,text,true,,48544,192,27,27,https://automationexercise.com/products,873,0,0
1728914970424,2339,Homepage Test,200,OK,Thread Group 1-20,text,true,,48546,192,27,27,https://automationexercise.com/products,588,0,0
1728914969907,2864,Homepage Test,200,OK,Thread Group 1-26,text,true,,48548,192,27,27,https://automationexercise.com/products,636,0,0
1728914972108,664,Homepage Test,200,OK,Thread Group 1-44,text,true,,48552,192,27,27,https://automationexercise.com/products,655,0,0
1728914972170,762,Homepage Test,200,OK,Thread Group 1-30,text,true,,48544,192,27,27,https://automationexercise.com/products,602,0,0
1728914965803,7142,Homepage Test,200,OK,Thread Group 1-38,text,true,,48548,192,27,27,https://automationexercise.com/products,1244,0,0
1728914972108,838,Homepage Test,200,OK,Thread Group 1-37,text,true,,48542,192,27,27,https://automationexercise.com/products,784,0,0
1728914972171,844,Homepage Test,200,OK,Thread Group 1-45,text,true,,48552,192,26,26,https://automationexercise.com/products,775,0,0
1728914972358,822,Homepage Test,200,OK,Thread Group 1-21,text,true,,48550,192,25,25,https://automationexercise.com/products,658,0,0
1728914967628,5604,Homepage Test,200,OK,Thread Group 1-47,text,true,,48540,192,24,24,https://automationexercise.com/products,1375,0,0
1728914972531,701,Homepage Test,200,OK,Thread Group 1-32,text,true,,48544,192,24,24,https://automationexercise.com/products,649,0,0
1728914972594,711,Homepage Test,200,OK,Thread Group 1-19,text,true,,48546,192,24,24,https://automationexercise.com/products,638,0,0
1728914972594,764,Homepage Test,200,OK,Thread Group 1-41,text,true,,48540,192,24,24,https://automationexercise.com/products,711,0,0
1728914972643,723,Homepage Test,200,OK,Thread Group 1-27,text,true,,48542,192,24,24,https://automationexercise.com/products,715,0,0
1728914972701,722,Homepage Test,200,OK,Thread Group 1-50,text,true,,48550,192,24,24,https://automationexercise.com/products,665,0,0
1728914972716,708,Homepage Test,200,OK,Thread Group 1-23,text,true,,48542,192,24,24,https://automationexercise.com/products,699,0,0
1728914972828,642,Homepage Test,200,OK,Thread Group 1-29,text,true,,48548,192,24,24,https://automationexercise.com/products,601,0,0
1728914972781,695,Homepage Test,200,OK,Thread Group 1-40,text,true,,48548,192,24,24,https://automationexercise.com/products,643,0,0
1728914972891,592,Homepage Test,200,OK,Thread Group 1-36,text,true,,48542,192,24,24,https://automationexercise.com/products,585,0,0
1728914967865,5668,Homepage Test,200,OK,Thread Group 1-48,text,true,,48548,192,24,24,https://automationexercise.com/products,1417,0,0
1728914972953,655,Homepage Test,200,OK,Thread Group 1-33,text,true,,48542,192,24,24,https://automationexercise.com/products,530,0,0
1728914966589,7019,Homepage Test,200,OK,Thread Group 1-35,text,true,,48560,192,24,24,https://automationexercise.com/products,1331,0,0
1728914972953,655,Homepage Test,200,OK,Thread Group 1-42,text,true,,48548,192,24,24,https://automationexercise.com/products,536,0,0
1728914973060,733,Homepage Test,200,OK,Thread Group 1-28,text,true,,48544,192,23,23,https://automationexercise.com/products,549,0,0
1728914973057,736,Homepage Test,200,OK,Thread Group 1-39,text,true,,48546,192,23,23,https://automationexercise.com/products,551,0,0
1728914973064,730,Homepage Test,200,OK,Thread Group 1-49,text,true,,48554,192,22,22,https://automationexercise.com/products,665,0,0
1728914973080,757,Homepage Test,200,OK,Thread Group 1-44,text,true,,48546,192,22,22,https://automationexercise.com/products,529,0,0
1728914973237,618,Homepage Test,200,OK,Thread Group 1-30,text,true,,48546,192,21,21,https://automationexercise.com/products,602,0,0
1728914973536,536,Homepage Test,200,OK,Thread Group 1-47,text,true,,48540,192,21,21,https://automationexercise.com/products,447,0,0
1728914973536,546,Homepage Test,200,OK,Thread Group 1-32,text,true,,48554,192,21,21,https://automationexercise.com/products,536,0,0
1728914973614,700,Homepage Test,200,OK,Thread Group 1-19,text,true,,48542,192,21,21,https://automationexercise.com/products,478,0,0
1728914973252,1070,Homepage Test,200,OK,Thread Group 1-38,text,true,,48546,192,20,20,https://automationexercise.com/products,970,0,0
1728914973064,1323,Homepage Test,200,OK,Thread Group 1-20,text,true,,48544,192,20,20,https://automationexercise.com/products,724,0,0
1728914973661,769,Homepage Test,200,OK,Thread Group 1-41,text,true,,48550,192,20,20,https://automationexercise.com/products,676,0,0
1728914973772,669,Homepage Test,200,OK,Thread Group 1-29,text,true,,48544,192,19,19,https://automationexercise.com/products,659,0,0
1728914973788,954,Homepage Test,200,OK,Thread Group 1-36,text,true,,48556,192,19,19,https://automationexercise.com/products,791,0,0
1728914973677,1071,Homepage Test,200,OK,Thread Group 1-27,text,true,,48544,192,18,18,https://automationexercise.com/products,774,0,0
1728914973725,1071,Homepage Test,200,OK,Thread Group 1-23,text,true,,48544,192,17,17,https://automationexercise.com/products,769,0,0
1728914973724,1078,Homepage Test,200,OK,Thread Group 1-50,text,true,,48548,192,17,17,https://automationexercise.com/products,729,0,0
1728914973788,1015,Homepage Test,200,OK,Thread Group 1-40,text,true,,48550,192,16,16,https://automationexercise.com/products,957,0,0
1728914973914,1015,Homepage Test,200,OK,Thread Group 1-35,text,true,,48544,192,15,15,https://automationexercise.com/products,891,0,0
1728914973914,1071,Homepage Test,200,OK,Thread Group 1-33,text,true,,48550,192,15,15,https://automationexercise.com/products,889,0,0
1728914959079,15908,Homepage Test,200,OK,Thread Group 1-24,text,true,,48550,192,14,14,https://automationexercise.com/products,3485,0,1818
1728914967597,7456,Homepage Test,200,OK,Thread Group 1-34,text,true,,48550,192,14,14,https://automationexercise.com/products,1335,0,0
1728914974103,1004,Homepage Test,200,OK,Thread Group 1-49,text,true,,48548,192,14,14,https://automationexercise.com/products,889,0,0
1728914974103,1052,Homepage Test,200,OK,Thread Group 1-39,text,true,,48550,192,13,13,https://automationexercise.com/products,991,0,0
1728914974165,1005,Homepage Test,200,OK,Thread Group 1-30,text,true,,48548,192,13,13,https://automationexercise.com/products,947,0,0
1728914973835,1438,Homepage Test,200,OK,Thread Group 1-48,text,true,,48544,192,12,12,https://automationexercise.com/products,1318,0,0
1728914974386,894,Homepage Test,200,OK,Thread Group 1-47,text,true,,48542,192,12,12,https://automationexercise.com/products,831,0,0
1728914974386,949,Homepage Test,200,OK,Thread Group 1-32,text,true,,48548,192,12,12,https://automationexercise.com/products,894,0,0
1728914974624,768,Homepage Test,200,OK,Thread Group 1-38,text,true,,48540,192,11,11,https://automationexercise.com/products,717,0,0
1728914974742,660,Homepage Test,200,OK,Thread Group 1-29,text,true,,48542,192,11,11,https://automationexercise.com/products,650,0,0
1728914973080,2388,Homepage Test,200,OK,Thread Group 1-26,text,true,,48546,192,10,10,https://automationexercise.com/products,775,0,0
1728914975105,470,Homepage Test,200,OK,Thread Group 1-23,text,true,,48544,192,10,10,https://automationexercise.com/products,363,0,0
1728914975231,411,Homepage Test,200,OK,Thread Group 1-35,text,true,,48542,192,9,9,https://automationexercise.com/products,356,0,0
1728914974689,1015,Homepage Test,200,OK,Thread Group 1-20,text,true,,48544,192,8,8,https://automationexercise.com/products,703,0,0
1728914975294,419,Homepage Test,200,OK,Thread Group 1-24,text,true,,48542,192,7,7,https://automationexercise.com/products,410,0,0
1728914975356,403,Homepage Test,200,OK,Thread Group 1-34,text,true,,48550,192,7,7,https://automationexercise.com/products,398,0,0
1728914975466,429,Homepage Test,200,OK,Thread Group 1-39,text,true,,48554,192,7,7,https://automationexercise.com/products,361,0,0
1728914975592,422,Homepage Test,200,OK,Thread Group 1-47,text,true,,48544,192,6,6,https://automationexercise.com/products,303,0,0
1728914975576,487,Homepage Test,200,OK,Thread Group 1-48,text,true,,48548,192,5,5,https://automationexercise.com/products,438,0,0
1728914975702,369,Homepage Test,200,OK,Thread Group 1-38,text,true,,48544,192,5,5,https://automationexercise.com/products,361,0,0
1728914976063,369,Homepage Test,200,OK,Thread Group 1-34,text,true,,48548,192,4,4,https://automationexercise.com/products,361,0,0
1728914976017,458,Homepage Test,200,OK,Thread Group 1-24,text,true,,48554,192,4,4,https://automationexercise.com/products,403,0,0
1728914976364,418,Homepage Test,200,OK,Thread Group 1-48,text,true,,48550,192,4,4,https://automationexercise.com/products,309,0,0
1728914976742,392,Homepage Test,200,OK,Thread Group 1-34,text,true,,48548,192,3,3,https://automationexercise.com/products,341,0,0
1728914976789,400,Homepage Test,200,OK,Thread Group 1-24,text,true,,48558,192,2,2,https://automationexercise.com/products,345,0,0
1728914975781,1952,Homepage Test,200,OK,Thread Group 1-26,text,true,,48544,192,2,2,https://automationexercise.com/products,403,0,0
1728914977497,658,Homepage Test,200,OK,Thread Group 1-24,text,true,,48548,192,1,1,https://automationexercise.com/products,445,0,0
